config,mean_latency_ms,median_latency_ms,std_latency_ms,mean_tps,mean_cpu
BasicProcessor_rep1,0.36045643295729574,0.1752233823733813,0.6415155635817628,4215.100486033362,0.3623982304207029
EvenScheduler_rep1,0.3708385184515325,0.16510343951276366,0.6517430484124921,3961.0460190103518,0.2620606890093362
RaStreamFT_rep1,0.0986650837081203,0.0683920409571428,0.11072858326785759,1088.634644546845,0.04709768837065565
RaStream_rep1,0.3290541082537755,0.18057170991718297,0.5093643612862787,3961.5114109179103,0.2669390148262867
